id_loja,cidade,regiao,area_m2,populacao_1km,renda_media_domiciliar,fluxo_pedestres_dia,vagas_estacionamento,distancia_concorrente_m,shopping,meses_operacao,investimento_marketing_mensal,n_funcionarios,ticket_medio_rs,n_transacoes_mes,nota_satisfacao_cliente,faturamento_medio_mensal
1100,Uberlândia,Sudeste,77.00,58.10,5782.00,7582.00,12,471.00,1,58,3382.00,6,37.67,6415.00,3.80,240.47
1047,Sorocaba,Sudeste,96.00,57.50,4611.00,7737.00,11,884.00,0,86,5891.00,8,39.71,5482.00,3.90,210.52
1106,Florianópolis,Sul,178.00,35.40,,5380.00,15,354.00,0,45,8942.00,13,38.45,3973.00,3.60,153.82
1023,Niterói,Sudeste,94.00,85.00,7441.00,11298.00,11,455.00,0,86,9555.00,7,37.04,6426.00,3.90,241.87
1079,Blumenau,Sul,111.00,16.60,9084.00,2820.00,10,460.00,1,62,12585.00,9,41.08,4414.00,3.80,183.72
1123,Cuiabá,Centro-Oeste,155.00,37.00,7350.00,4715.00,11,196.00,0,61,7691.00,10,40.84,4658.00,3.90,192.10
1126,Bauru,Sudeste,184.00,54.70,9701.00,7415.00,11,623.00,0,55,5743.00,12,36.08,6761.00,4.30,234.60
1171,Belém,Norte,134.00,31.10,8241.00,3808.00,14,705.00,0,35,6043.00,11,36.28,3791.00,3.10,134.38
1025,Londrina,Sul,163.00,4.50,5158.00,2521.00,17,672.00,0,103,5395.00,11,38.05,3847.00,3.40,148.20
1114,Belém,Norte,186.00,19.70,4229.00,2331.00,17,433.00,1,44,11576.00,12,38.96,3940.00,3.10,154.01
1012,Brasília,Centro-Oeste,170.00,21.10,,3860.00,8,563.00,0,83,3156.00,14,34.74,3690.00,3.40,132.01
1216,Campo Grande,Centro-Oeste,183.00,44.30,7256.00,4812.00,16,269.00,0,17,5731.00,11,40.23,4394.00,4.10,176.14
1075,Goiânia,Centro-Oeste,195.00,21.00,7898.00,2955.00,15,444.00,0,70,4991.00,13,38.48,4826.00,4.00,186.78
1105,Campinas,Sudeste,153.00,63.90,7621.00,8234.00,20,191.00,0,43,6224.00,12,39.72,6426.00,3.90,250.26
1003,Maringá,Sul,185.00,4.50,2453.00,714.00,13,661.00,0,89,2133.00,12,39.03,2425.00,3.40,95.23
1103,Cuiabá,Centro-Oeste,145.00,58.20,3403.00,7383.00,22,998.00,0,58,9725.00,12,39.88,4485.00,3.90,178.88
1211,Caxias do Sul,Sul,104.00,41.90,6942.00,5152.00,16,830.00,1,8,8162.00,8,39.14,5113.00,3.50,198.90
1110,Blumenau,Sul,104.00,40.50,9028.00,6061.00,19,299.00,0,48,11397.00,7,40.98,4335.00,3.80,177.87
1091,Goiânia,Centro-Oeste,140.00,36.80,3612.00,4136.00,17,1866.00,1,70,4848.00,12,37.52,4843.00,3.90,184.26
1185,Joinville,Sul,157.00,56.20,5977.00,7230.00,21,76.00,1,25,4771.00,12,36.53,5382.00,3.60,200.34
1169,São Luís,Nordeste,159.00,27.00,10264.00,4029.00,11,289.00,1,17,6036.00,12,42.25,4642.00,3.80,196.62
1109,Bauru,Sudeste,181.00,24.90,9269.00,3756.00,13,530.00,0,51,17000.00,12,38.61,5890.00,3.90,230.40
1085,Uberlândia,Sudeste,114.00,32.60,5352.00,5086.00,16,645.00,0,59,10266.00,8,38.62,4701.00,3.30,179.46
1058,Londrina,Sul,1450.00,39.90,9529.00,5983.00,11,1192.00,0,77,9644.00,13,41.29,4780.00,3.40,201.95
1117,Santos,Sudeste,133.00,28.80,7352.00,4546.00,11,254.00,0,47,2741.00,13,37.05,4242.00,3.50,160.94
1213,João Pessoa,Nordeste,149.00,42.70,12555.00,5727.00,14,1583.00,0,6,10115.00,11,38.56,5973.00,3.80,234.84
1183,Londrina,Sul,153.00,37.80,4399.00,6309.00,14,351.00,0,18,7309.00,11,36.01,5073.00,3.60,177.37
1102,Sorocaba,Sudeste,164.00,49.50,,6985.00,11,494.00,0,53,12820.00,13,38.89,6537.00,4.40,245.83
1157,Rio de Janeiro,Sudeste,156.00,63.30,7527.00,9375.00,15,63.00,1,29,9605.00,12,35.79,7532.00,4.10,275.37
1206,Joinville,Sul,213.00,43.10,8525.00,5372.00,19,715.00,0,11,6868.00,16,38.18,5956.00,3.70,225.18
1086,Santos,Sudeste,197.00,66.20,8923.00,8348.00,18,346.00,0,60,2938.00,13,37.49,7250.00,4.50,264.04
1159,Curitiba,Sul,238.00,57.40,10387.00,8428.00,13,786.00,0,41,6333.00,17,36.18,6754.00,3.70,245.29
1140,São Luís,Nordeste,127.00,17.80,13290.00,1873.00,11,546.00,1,43,9005.00,10,41.21,4321.00,3.80,182.26
1165,Porto Alegre,Sul,143.00,57.60,9267.00,6851.00,18,2400.00,0,20,2977.00,9,33.03,5772.00,3.90,188.17
1066,Recife,Nordeste,155.00,36.00,8104.00,4340.00,9,747.00,0,69,7059.00,11,35.76,4980.00,3.40,174.62
1142,Salvador,Nordeste,140.00,25.50,8371.00,3922.00,21,331.00,0,37,9052.00,9,38.95,3676.00,2.90,144.09
1154,Sorocaba,Sudeste,141.00,67.70,6239.00,8242.00,15,1138.00,0,30,6340.00,9,43.15,5267.00,3.50,224.17
1194,Teresina,Nordeste,142.00,55.60,8680.00,6628.00,14,964.00,1,27,9354.00,8,37.58,5592.00,3.90,207.42
1083,Fortaleza,Nordeste,118.00,36.80,4364.00,5605.00,21,935.00,0,59,4690.00,11,39.78,3766.00,3.80,147.66
1061,João Pessoa,Nordeste,100.00,33.90,5977.00,5039.00,12,251.00,1,65,10013.00,6,42.48,3717.00,3.40,154.51
1133,Curitiba,Sul,185.00,47.00,10172.00,7085.00,13,555.00,1,41,3240.00,13,38.46,5819.00,4.40,222.50
1010,Anápolis,Centro-Oeste,217.00,10.10,8679.00,2514.00,20,796.00,1,88,3923.00,12,38.57,5086.00,3.80,198.40
1019,Curitiba,Sul,160.00,4.50,7352.00,1518.00,12,856.00,1,84,7489.00,11,41.06,5108.00,3.70,206.35
1115,Palmas,Norte,158.00,12.00,5215.00,2389.00,12,259.00,0,47,3218.00,11,37.96,3077.00,3.60,115.36
1081,Vitória,Sudeste,139.00,25.00,9804.00,4430.00,10,349.00,0,59,3699.00,11,34.66,4738.00,3.90,167.93
1096,Porto Alegre,Sul,104.00,20.20,7226.00,3433.00,19,231.00,0,51,17000.00,8,38.56,3546.00,3.20,134.83
1067,Niterói,Sudeste,139.00,7.10,9145.00,1773.00,11,790.00,0,83,7055.00,10,36.52,4480.00,3.20,164.67
1214,Vitória,Sudeste,174.00,62.80,16000.00,8656.00,20,42.00,0,17,7162.00,10,40.00,5971.00,4.10,245.35
1219,Santos,Sudeste,149.00,38.30,10332.00,5097.00,17,1103.00,1,6,8302.00,11,39.01,5650.00,3.60,222.19
1099,Niterói,Sudeste,141.00,13.70,,3894.00,13,549.00,0,61,10304.00,11,40.09,3970.00,3.70,159.49
1015,Campo Grande,Centro-Oeste,113.00,19.80,5703.00,3435.00,13,176.00,1,85,10653.00,10,28.97,4570.00,3.20,131.68
1028,Rio de Janeiro,Sudeste,70.00,34.20,2300.00,4853.00,15,1476.00,0,86,1831.00,6,40.97,3773.00,3.40,148.43
1105,Campinas,Sudeste,153.00,63.90,7621.00,8234.00,20,191.00,0,43,6224.00,12,39.72,6426.00,3.90,250.26
1041,Bauru,Sudeste,126.00,36.70,,5974.00,16,1027.00,0,80,6850.00,9,35.06,4845.00,3.20,167.59
1046,Santos,Sudeste,136.00,17.10,3439.00,1716.00,14,449.00,0,76,5936.00,9,34.09,4587.00,3.40,155.11
1158,João Pessoa,Nordeste,151.00,85.00,6742.00,11335.00,22,473.00,0,24,11456.00,11,37.61,5372.00,4.40,200.55
1032,Florianópolis,Sul,156.00,8.70,6553.00,2083.00,17,217.00,0,88,4410.00,12,40.15,2960.00,3.40,119.09
1174,Curitiba,Sul,72.00,26.00,9827.00,4248.00,9,378.00,1,30,3311.00,6,34.96,4332.00,3.30,151.86
1170,Natal,Nordeste,55.00,56.80,11561.00,7356.00,15,200.00,1,16,8689.00,5,41.29,4631.00,3.40,194.96
1033,Curitiba,Sul,140.00,11.20,8733.00,2042.00,12,934.00,1,74,4143.00,7,35.63,4909.00,3.80,176.78
1014,Maceió,Nordeste,158.00,8.50,3937.00,2392.00,16,106.00,1,102,10408.00,10,43.63,3455.00,3.30,147.17
1134,São Paulo,Sudeste,48.00,40.40,4167.00,5957.00,17,1210.00,0,40,10764.00,7,31.50,19441.00,3.00,612.40
1139,Porto Velho,Norte,56.00,59.30,3235.00,8128.00,17,995.00,0,53,4349.00,5,36.79,3316.00,3.40,122.66
1146,Ribeirão Preto,Sudeste,148.00,51.10,4855.00,8241.00,12,243.00,0,45,6171.00,8,40.63,4351.00,4.00,174.74
1029,Curitiba,Sul,170.00,5.80,2554.00,1970.00,18,1040.00,0,84,13438.00,10,41.03,4375.00,3.40,180.74
1064,Rio de Janeiro,Sudeste,106.00,10.10,,1393.00,14,1457.00,1,77,10309.00,9,39.12,4119.00,2.90,163.83
1095,Recife,Nordeste,122.00,15.60,4738.00,3058.00,9,1791.00,0,61,10194.00,9,42.36,3900.00,3.70,159.11
1129,Salvador,Nordeste,88.00,33.90,8008.00,5720.00,18,183.00,1,45,4578.00,8,36.35,4698.00,3.30,165.51
1016,Uberlândia,Sudeste,130.00,22.60,16000.00,3996.00,13,332.00,0,96,8422.00,12,35.37,5446.00,3.30,186.50
1032,Florianópolis,Sul,156.00,8.70,6553.00,2083.00,17,217.00,0,88,4410.00,12,40.15,2960.00,3.40,119.09
1059,Fortaleza,Nordeste,151.00,39.90,4559.00,5435.00,17,708.00,0,55,3505.00,10,41.66,3952.00,3.60,158.36
1175,Palmas,Norte,131.00,36.70,5912.00,5642.00,18,1509.00,0,37,3180.00,8,39.17,3959.00,3.20,152.28
1037,Manaus,Norte,101.00,14.30,3537.00,1933.00,15,628.00,0,84,5762.00,7,39.62,2685.00,3.00,106.62
1098,Curitiba,Sul,55.00,32.50,2885.00,5288.00,16,427.00,0,63,4710.00,5,38.66,3123.00,3.30,121.37
1204,João Pessoa,Nordeste,106.00,50.70,10611.00,6854.00,14,364.00,1,10,9085.00,7,41.91,4929.00,3.90,211.84
1052,Caxias do Sul,Sul,168.00,45.80,4465.00,7301.00,14,636.00,0,74,2867.00,13,36.86,4912.00,3.60,183.27
1199,Palmas,Norte,123.00,39.80,8554.00,4568.00,15,368.00,0,24,2571.00,10,36.02,3947.00,3.50,145.51
1161,Porto Velho,Norte,124.00,33.90,5122.00,5132.00,11,451.00,0,34,8816.00,12,38.43,2729.00,3.00,105.54
1097,Maceió,Nordeste,95.00,35.20,9900.00,5206.00,17,1206.00,1,47,11523.00,7,34.14,5129.00,3.50,181.29
1205,Santos,Sudeste,114.00,59.40,10727.00,6048.00,22,294.00,0,28,5301.00,8,40.62,4450.00,3.10,176.87
1127,Porto Alegre,Sul,101.00,55.40,8462.00,6865.00,13,609.00,0,42,4803.00,7,35.93,6272.00,4.10,219.60
1132,Joinville,Sul,147.00,68.50,8424.00,9232.00,9,851.00,1,44,10594.00,10,38.21,6330.00,4.30,245.34
1193,Brasília,Centro-Oeste,162.00,45.30,10673.00,6173.00,20,543.00,0,20,3027.00,11,40.96,4636.00,4.00,192.99
1155,Florianópolis,Sul,88.00,63.70,4630.00,8326.00,7,1780.00,0,45,3369.00,7,38.69,4650.00,3.50,176.18
1038,Bauru,Sudeste,146.00,28.00,7011.00,4040.00,12,1007.00,0,68,7547.00,10,37.89,4647.00,3.90,178.54
1151,Ribeirão Preto,Sudeste,130.00,27.60,4063.00,3477.00,14,620.00,1,44,9374.00,10,38.59,5232.00,3.60,208.35
1089,Palmas,Norte,94.00,43.60,3192.00,5092.00,22,1606.00,0,67,6684.00,7,39.90,3831.00,3.10,154.89
1149,Vitória,Sudeste,112.00,65.10,13760.00,8739.00,18,870.00,1,33,5460.00,7,36.94,7046.00,4.00,260.59
1116,Campo Grande,Centro-Oeste,119.00,63.00,3069.00,7897.00,19,735.00,1,50,14675.00,11,37.06,5730.00,3.90,214.22
1050,Joinville,Sul,168.00,4.50,3720.00,2016.00,25,810.00,1,81,9185.00,9,38.36,4542.00,4.20,173.14
1180,Vitória,Sudeste,117.00,33.30,6921.00,3980.00,17,197.00,0,25,12727.00,9,36.22,4888.00,3.30,173.50
1006,Sorocaba,Sudeste,156.00,4.50,4113.00,2043.00,16,797.00,0,85,3976.00,12,37.43,3736.00,3.50,137.49
1018,Salvador,Nordeste,199.00,60.20,4458.00,8153.00,10,1408.00,0,82,9127.00,13,35.76,6174.00,3.90,220.67
1144,Bauru,Sudeste,175.00,56.00,7427.00,7069.00,11,548.00,1,36,4783.00,12,40.18,6019.00,4.30,249.58
1135,Palmas,Norte,183.00,69.90,5718.00,8472.00,21,419.00,1,52,4246.00,14,34.86,6370.00,3.60,221.34
1191,Bauru,Sudeste,83.00,48.10,7571.00,6188.00,14,208.00,0,8,16310.00,7,39.99,5372.00,4.00,213.35
1203,Sorocaba,Sudeste,141.00,36.40,7082.00,4364.00,15,536.00,0,6,5711.00,11,38.21,4028.00,4.10,154.52
1121,Santos,Sudeste,81.00,30.20,8465.00,4049.00,17,664.00,0,53,4418.00,7,35.01,4835.00,3.50,170.34
1087,Campo Grande,Centro-Oeste,163.00,40.70,4118.00,5439.00,16,1269.00,1,67,4709.00,12,40.74,4242.00,3.70,173.23
1063,Uberlândia,Sudeste,124.00,6.50,5207.00,1733.00,12,1489.00,0,75,9100.00,9,38.90,4152.00,3.40,160.17
1065,Porto Alegre,Sul,118.00,18.20,2953.00,3641.00,14,536.00,0,67,14243.00,8,39.57,3637.00,3.00,145.80
1027,São José dos Campos,Sudeste,167.00,13.30,5181.00,2274.00,19,210.00,0,92,5045.00,11,40.41,4239.00,3.60,168.49
1118,Brasília,Centro-Oeste,117.00,29.00,4742.00,3370.00,17,414.00,0,42,7659.00,8,33.73,3822.00,3.40,129.72
1042,Blumenau,Sul,160.00,22.90,,1849.00,10,349.00,1,77,6511.00,9,37.10,4774.00,3.60,170.77
1053,Bauru,Sudeste,75.00,26.80,4073.00,4354.00,16,450.00,1,72,7259.00,7,35.04,4596.00,2.70,164.72
1166,Campinas,Sudeste,95.00,51.00,8076.00,7144.00,18,568.00,1,29,13348.00,8,38.40,6159.00,3.70,236.24
1198,Maringá,Sul,193.00,67.00,7144.00,8500.00,11,328.00,0,26,10256.00,15,34.89,6376.00,3.30,224.45
1107,Santos,Sudeste,127.00,46.30,3761.00,5999.00,14,388.00,0,51,7611.00,9,39.65,5316.00,4.10,210.95
1082,Campinas,Sudeste,102.00,50.30,6354.00,7156.00,16,60.00,1,73,9855.00,8,40.45,5520.00,4.10,232.50
1008,Campo Grande,Centro-Oeste,202.00,9.20,,2045.00,11,220.00,0,80,3756.00,16,33.18,4101.00,4.00,133.26
1092,Rio de Janeiro,Sudeste,142.00,29.40,,3502.00,15,169.00,1,63,10832.00,9,34.89,5262.00,3.40,184.12
1200,Recife,Nordeste,141.00,85.00,9832.00,10657.00,15,1721.00,1,20,3156.00,10,40.25,6293.00,4.10,250.18
1167,Vitória,Sudeste,114.00,83.60,6284.00,11449.00,12,521.00,0,31,12574.00,9,42.04,5725.00,4.30,242.18
1071,Salvador,Nordeste,95.00,18.50,4493.00,2255.00,18,157.00,0,78,5424.00,9,40.90,2677.00,3.40,109.73
1201,Campinas,Sudeste,148.00,68.90,7945.00,7898.00,13,510.00,0,10,6857.00,12,35.98,5606.00,3.90,208.47
1130,João Pessoa,Nordeste,232.00,25.00,9309.00,2955.00,13,540.00,1,40,11382.00,18,31.66,6630.00,3.50,207.92
1009,Curitiba,Sul,131.00,16.30,11629.00,2414.00,19,174.00,1,103,4872.00,12,34.77,5565.00,4.10,189.51
1122,Cuiabá,Centro-Oeste,111.00,20.30,5117.00,3382.00,13,196.00,1,54,2853.00,7,37.43,3440.00,3.50,131.62
1080,Brasília,Centro-Oeste,194.00,37.00,7550.00,4851.00,13,1020.00,0,67,7463.00,13,39.20,5323.00,3.60,211.05
1141,Belo Horizonte,Sudeste,130.00,65.70,6269.00,8070.00,14,401.00,0,42,2161.00,9,34.73,6558.00,3.80,227.65
1181,Porto Alegre,Sul,146.00,28.90,10051.00,3464.00,15,1617.00,1,32,8360.00,11,41.55,4958.00,3.50,198.40
1030,Belo Horizonte,Sudeste,148.00,48.10,2324.00,5745.00,15,1161.00,0,83,4874.00,11,40.36,4842.00,3.90,192.05
1004,Bauru,Sudeste,113.00,4.50,7938.00,825.00,11,695.00,1,96,5945.00,8,38.66,4382.00,3.50,172.99
1040,Campinas,Sudeste,231.00,4.50,3578.00,2242.00,13,426.00,0,83,6208.00,14,35.78,5359.00,3.50,187.83
1051,Joinville,Sul,134.00,4.80,4357.00,817.00,11,212.00,0,80,7412.00,10,40.05,3511.00,2.90,138.09
1078,Niterói,Sudeste,117.00,7.50,8569.00,1636.00,15,715.00,0,55,7180.00,8,36.19,3472.00,3.20,127.05
1220,Bauru,Sudeste,67.00,61.60,13556.00,7973.00,8,604.00,1,11,5848.00,5,38.99,5422.00,3.90,215.25
1112,Curitiba,Sul,97.00,24.40,5360.00,3294.00,6,663.00,1,52,3517.00,6,35.53,3938.00,3.40,141.26
1196,Cuiabá,Centro-Oeste,136.00,41.80,,6396.00,16,1344.00,1,19,8684.00,10,37.22,5263.00,3.80,199.13
1055,Cuiabá,Centro-Oeste,148.00,24.50,5401.00,4082.00,9,827.00,0,70,8870.00,10,36.34,4549.00,3.70,162.61
1044,Goiânia,Centro-Oeste,159.00,24.30,5778.00,4238.00,13,638.00,0,81,7130.00,10,37.18,3770.00,3.70,143.22
1179,São José dos Campos,Sudeste,176.00,34.80,9492.00,5475.00,17,1166.00,1,29,10045.00,13,37.18,6469.00,4.00,234.35
1049,Londrina,Sul,166.00,12.90,8774.00,1969.00,10,341.00,1,83,13973.00,11,42.97,4640.00,3.70,200.79
1172,Belo Horizonte,Sudeste,144.00,27.20,6118.00,3775.00,19,1021.00,0,28,11829.00,12,43.41,3902.00,3.50,170.77
1060,Maringá,Sul,64.00,21.30,6235.00,3432.00,10,391.00,0,71,9134.00,4,41.13,3179.00,3.20,132.31
1054,Sorocaba,Sudeste,121.00,24.00,4274.00,4395.00,17,925.00,0,73,12181.00,10,36.60,5114.00,3.30,188.30
1021,Sorocaba,Sudeste,127.00,52.00,6842.00,5516.00,19,207.00,1,89,4679.00,7,35.15,5780.00,3.40,205.60
1125,Vitória,Sudeste,55.00,40.10,,4909.00,14,1048.00,1,41,13400.00,5,41.46,4066.00,3.50,166.25
1215,Palmas,Norte,57.00,44.70,6815.00,5860.00,17,1098.00,0,16,7400.00,7,37.45,3689.00,3.10,139.83
1148,Rio de Janeiro,Sudeste,92.00,37.50,8799.00,5081.00,11,841.00,1,45,7613.00,8,42.80,4776.00,3.40,201.04
1077,Niterói,Sudeste,160.00,27.10,3388.00,4401.00,15,403.00,1,71,7890.00,13,35.64,5547.00,3.60,198.73
1187,Londrina,Sul,55.00,85.00,4884.00,10194.00,12,180.00,1,19,7103.00,6,39.64,5888.00,3.80,237.54
1108,Niterói,Sudeste,129.00,28.60,3866.00,4265.00,9,647.00,0,50,5141.00,9,39.29,3002.00,2.70,119.61
1178,Florianópolis,Sul,113.00,47.90,4892.00,6987.00,11,278.00,1,22,6772.00,9,37.88,5434.00,3.90,203.70
1013,Belo Horizonte,Sudeste,110.00,22.30,3415.00,4519.00,19,230.00,0,87,2827.00,8,41.19,2937.00,3.30,121.30
1017,São Luís,Nordeste,149.00,15.70,3005.00,2210.00,15,219.00,1,83,3969.00,11,38.02,3160.00,3.50,114.83
1048,Teresina,Nordeste,163.00,20.80,4803.00,3995.00,19,464.00,0,68,5442.00,12,34.85,4345.00,3.70,151.94
1165,Porto Alegre,Sul,143.00,57.60,9267.00,6851.00,18,2400.00,0,20,2977.00,9,33.03,5772.00,3.90,188.17
1120,Londrina,Sul,110.00,25.50,5836.00,4582.00,13,1092.00,1,56,4850.00,9,38.02,3919.00,3.10,152.41
1022,Santos,Sudeste,141.00,31.20,3296.00,4533.00,11,967.00,0,87,8295.00,11,36.97,4489.00,3.20,162.00
1147,João Pessoa,Nordeste,177.00,52.80,7607.00,7427.00,17,242.00,0,40,4800.00,10,36.51,5398.00,3.50,194.27
1195,João Pessoa,Nordeste,126.00,53.60,8624.00,7280.00,11,308.00,0,19,6837.00,9,41.60,3884.00,3.70,160.65
1131,Niterói,Sudeste,77.00,30.50,7996.00,5364.00,13,320.00,1,30,7824.00,5,40.46,3948.00,3.60,159.66
1209,Blumenau,Sul,134.00,59.10,5267.00,7293.00,12,1215.00,1,14,7957.00,10,40.28,5003.00,3.90,204.59
1074,Bauru,Sudeste,72.00,12.40,5044.00,2492.00,12,882.00,0,65,10735.00,6,38.19,3683.00,3.60,138.46
1031,Niterói,Sudeste,76.00,22.00,2729.00,4093.00,6,179.00,1,80,6424.00,6,37.38,3765.00,3.80,139.75
1163,Belo Horizonte,Sudeste,126.00,52.50,,7227.00,23,227.00,1,29,6277.00,9,37.97,5640.00,3.80,215.46
1034,Vitória,Sudeste,75.00,40.20,2300.00,5228.00,10,737.00,0,74,9593.00,4,37.62,3591.00,3.50,139.15
1162,Vitória,Sudeste,172.00,41.20,,6763.00,17,577.00,0,44,3702.00,12,40.30,4616.00,3.80,187.26
1188,São Luís,Nordeste,107.00,41.70,11474.00,5444.00,19,229.00,1,13,3931.00,8,36.21,5744.00,3.90,202.86
1156,Campinas,Sudeste,113.00,39.90,14957.00,5855.00,14,454.00,1,47,6402.00,7,37.74,6079.00,3.70,237.06
1202,Curitiba,Sul,126.00,46.30,9830.00,6469.00,13,1335.00,1,12,10899.00,9,34.28,6437.00,3.50,218.98
1124,Blumenau,Sul,107.00,45.00,4495.00,6405.00,20,813.00,1,54,7689.00,9,37.31,5177.00,3.60,198.71
1130,João Pessoa,Nordeste,232.00,25.00,9309.00,2955.00,13,540.00,1,40,11382.00,18,31.66,6630.00,3.50,207.92
1164,Sorocaba,Sudeste,69.00,30.40,5695.00,4349.00,17,214.00,0,23,7679.00,7,36.96,4041.00,3.40,157.11
1101,Maceió,Nordeste,80.00,36.00,3452.00,4384.00,11,230.00,0,48,7551.00,10,39.76,3413.00,3.20,132.40
1150,Recife,Nordeste,180.00,64.30,3338.00,8307.00,20,191.00,0,35,9549.00,12,39.74,4985.00,3.70,200.04
1204,João Pessoa,Nordeste,106.00,50.70,10611.00,6854.00,14,364.00,1,10,9085.00,7,41.91,4929.00,3.90,211.84
1089,Palmas,Norte,94.00,43.60,3192.00,5092.00,22,1606.00,0,67,6684.00,7,39.90,3831.00,3.10,154.89
1208,João Pessoa,Nordeste,104.00,56.70,6314.00,7618.00,15,279.00,0,16,6320.00,8,39.92,4054.00,3.40,162.75
1062,Curitiba,Sul,136.00,21.10,3182.00,3075.00,19,871.00,0,72,7756.00,9,34.52,3669.00,3.30,128.24
1036,Maceió,Nordeste,167.00,23.60,3923.00,3492.00,10,248.00,1,84,7027.00,12,37.28,4086.00,2.80,155.70
1011,Santos,Sudeste,109.00,10.40,3052.00,1732.00,22,658.00,0,88,11536.00,7,39.05,3713.00,3.50,147.30
1218,Anápolis,Centro-Oeste,127.00,48.90,6548.00,5731.00,17,244.00,0,14,6215.00,10,39.30,4118.00,3.50,160.14
1072,Caxias do Sul,Sul,118.00,31.20,2564.00,3556.00,10,463.00,0,65,9135.00,10,39.33,2979.00,3.30,118.86
1013,Belo Horizonte,Sudeste,110.00,22.30,3415.00,4519.00,19,230.00,0,87,2827.00,8,41.19,2937.00,3.30,121.30
1207,Florianópolis,Sul,185.00,45.50,5203.00,6886.00,20,635.00,0,6,7040.00,13,29.40,7809.00,4.10,229.67
1094,Ribeirão Preto,Sudeste,107.00,40.10,3811.00,6450.00,10,329.00,0,52,6675.00,10,36.78,4399.00,2.90,159.90
1160,São Paulo,Sudeste,156.00,77.40,10448.00,10017.00,11,44.00,0,22,7014.00,11,34.07,7544.00,4.20,258.81
1119,Belém,Norte,148.00,27.60,7875.00,3501.00,12,639.00,0,56,8268.00,11,38.71,4017.00,3.40,153.59
1145,Uberlândia,Sudeste,70.00,42.60,6122.00,5659.00,10,568.00,0,34,3155.00,7,31.12,3986.00,3.20,123.07
1002,Ribeirão Preto,Sudeste,163.00,4.50,2751.00,1793.00,12,197.00,0,100,14156.00,12,39.55,3839.00,3.30,153.23
1210,Sorocaba,Sudeste,164.00,41.80,5396.00,5471.00,16,195.00,0,16,5064.00,10,39.70,3630.00,3.40,144.92
1084,Natal,Nordeste,139.00,50.30,8953.00,5995.00,10,440.00,1,67,9706.00,10,38.99,5348.00,3.90,211.07
1217,Cuiabá,Centro-Oeste,142.00,46.00,,6162.00,13,1412.00,1,12,8138.00,12,38.18,4394.00,2.90,169.99
1088,Londrina,Sul,100.00,23.50,,3283.00,10,357.00,1,60,7145.00,8,41.53,3696.00,3.90,151.16
1138,Sorocaba,Sudeste,134.00,50.10,4898.00,6750.00,15,389.00,0,47,13569.00,11,33.76,4842.00,3.50,169.07
1005,São Paulo,Sudeste,55.00,35.50,2300.00,4909.00,15,364.00,1,86,9656.00,3,35.08,4769.00,3.90,165.57
1039,Curitiba,Sul,133.00,9.80,8189.00,1720.00,15,738.00,0,79,7564.00,10,37.57,3841.00,3.50,144.58
1191,Bauru,Sudeste,83.00,48.10,7571.00,6188.00,14,208.00,0,8,16310.00,7,39.99,5372.00,4.00,213.35
1035,Campinas,Sudeste,118.00,34.20,10970.00,5035.00,15,1073.00,0,84,6843.00,7,33.15,6396.00,3.80,208.23
1190,Caxias do Sul,Sul,126.00,53.30,6029.00,6311.00,12,265.00,0,27,3481.00,10,37.75,3929.00,3.50,152.94
1113,Rio de Janeiro,Sudeste,64.00,32.80,3106.00,3925.00,15,1165.00,0,55,14988.00,6,38.54,3509.00,3.30,136.35
1182,Cuiabá,Centro-Oeste,129.00,39.80,5459.00,5632.00,22,918.00,0,33,6953.00,10,34.24,4451.00,3.20,149.94
1184,Recife,Nordeste,150.00,40.80,6977.00,6260.00,11,1296.00,0,23,12561.00,13,37.68,4362.00,3.80,167.98
1153,São José dos Campos,Sudeste,135.00,36.50,5570.00,5428.00,11,414.00,0,34,10223.00,11,35.34,5245.00,3.30,185.09
1057,Anápolis,Centro-Oeste,151.00,76.10,5808.00,9449.00,12,1181.00,0,83,4583.00,12,37.35,5919.00,3.70,219.30
1070,Belém,Norte,126.00,13.40,6914.00,2817.00,10,189.00,0,68,7170.00,11,41.03,3048.00,3.20,124.44
1192,Recife,Nordeste,97.00,52.00,8976.00,6207.00,7,635.00,0,23,4383.00,6,38.07,4225.00,3.90,167.75
1045,Anápolis,Centro-Oeste,55.00,23.30,,3417.00,11,1109.00,0,80,3628.00,3,35.48,3414.00,2.70,119.45
1189,Teresina,Nordeste,137.00,29.00,6593.00,4938.00,20,633.00,0,33,2938.00,10,38.66,3461.00,3.50,133.38
1020,Florianópolis,Sul,120.00,4.50,3516.00,1314.00,11,532.00,1,89,10685.00,9,40.45,3452.00,3.30,139.54
1007,Bauru,Sudeste,100.00,39.90,6750.00,5985.00,13,470.00,1,78,6910.00,8,41.76,4545.00,4.00,188.15
1056,Natal,Nordeste,150.00,34.40,2922.00,4540.00,10,618.00,1,66,1691.00,10,37.46,4196.00,3.90,158.06
1076,Sorocaba,Sudeste,152.00,14.60,7568.00,2415.00,10,295.00,0,72,4842.00,11,36.32,3342.00,3.00,119.61
1001,Cuiabá,Centro-Oeste,162.00,13.50,3697.00,1231.00,13,152.00,1,107,5294.00,11,36.85,4145.00,3.30,154.65
1173,Santos,Sudeste,132.00,52.60,7571.00,7952.00,16,1480.00,1,24,7661.00,9,38.43,6616.00,4.40,255.32
1136,Campinas,Sudeste,158.00,37.50,4363.00,4785.00,15,452.00,0,26,7944.00,11,39.20,5041.00,3.50,193.97
1128,Porto Velho,Norte,110.00,30.10,8289.00,4152.00,17,227.00,0,49,8318.00,9,34.21,3947.00,3.80,139.36
1177,Maceió,Nordeste,114.00,65.10,6418.00,7545.00,10,775.00,1,23,16144.00,9,39.60,5415.00,3.90,207.85
1069,Maringá,Sul,147.00,36.80,13316.00,5219.00,20,1702.00,1,68,3594.00,10,31.38,7779.00,4.00,240.16
1168,Porto Velho,Norte,173.00,35.40,8123.00,4568.00,10,435.00,0,33,6846.00,13,44.08,3836.00,3.70,168.38
1137,Curitiba,Sul,140.00,27.40,13753.00,5079.00,12,187.00,1,36,4107.00,11,41.20,4466.00,3.20,181.91
1043,Maringá,Sul,73.00,14.70,8165.00,1706.00,12,203.00,0,77,8681.00,4,35.39,3200.00,3.10,114.61
1111,Campinas,Sudeste,138.00,22.40,4977.00,4352.00,17,786.00,0,36,7519.00,9,40.84,3917.00,3.10,161.05
1090,Maceió,Nordeste,75.00,23.70,16000.00,3944.00,18,71.00,1,65,4329.00,6,32.21,5148.00,3.50,168.01
1073,Cuiabá,Centro-Oeste,143.00,74.70,3344.00,9443.00,16,235.00,0,62,10804.00,11,35.90,5999.00,3.80,222.36
1024,Santos,Sudeste,106.00,34.30,6931.00,6614.00,16,342.00,1,82,5748.00,6,35.65,5777.00,3.60,208.32
1143,Teresina,Nordeste,120.00,57.20,16000.00,6233.00,16,905.00,1,27,9214.00,9,38.77,5287.00,3.90,205.92
1186,Teresina,Nordeste,137.00,31.80,4761.00,4525.00,16,864.00,0,33,3953.00,9,39.60,3027.00,2.70,122.81
1093,Maringá,Sul,155.00,39.90,4794.00,5916.00,11,702.00,0,64,2148.00,12,35.79,4167.00,3.30,148.52
1104,Rio de Janeiro,Sudeste,123.00,83.00,6080.00,10859.00,12,499.00,0,50,13375.00,9,40.75,6647.00,4.10,266.32
1152,Manaus,Norte,160.00,36.50,6739.00,5323.00,10,523.00,1,19,11039.00,13,34.56,4898.00,4.40,174.05
1212,Salvador,Nordeste,56.00,60.50,11109.00,7783.00,14,308.00,0,15,6888.00,7,36.57,5108.00,3.50,186.21
1068,Ribeirão Preto,Sudeste,104.00,23.70,12940.00,3578.00,14,568.00,0,62,10419.00,6,41.25,4858.00,3.50,204.16
1026,Bauru,Sudeste,83.00,10.70,5394.00,2129.00,12,365.00,0,95,7934.00,7,38.59,3684.00,3.30,145.38
1197,Vitória,Sudeste,134.00,76.30,9586.00,9384.00,8,877.00,0,6,10555.00,10,38.68,5694.00,3.60,222.30
1176,Sorocaba,Sudeste,209.00,38.50,,5833.00,14,356.00,0,15,6001.00,14,37.24,5468.00,3.70,199.90
